{"loss":{"0":0.2366341949,"1":0.1320282668,"2":0.103446044,"3":0.0850457251,"4":0.0713203624,"5":0.0624116585,"6":0.0596773587,"7":0.0497241318,"8":0.0472626574,"9":0.0424504876,"10":0.040106032,"11":0.0395914242,"12":0.0369204096,"13":0.0354991369,"14":0.0368993096,"15":0.0331712328,"16":0.028502252,"17":0.0308796726,"18":0.0306383073,"19":0.0291332137,"20":0.0310892798,"21":0.0286395773,"22":0.0267978497,"23":0.0280052591,"24":0.0263226684,"25":0.026123099,"26":0.0269772876,"27":0.0273193251,"28":0.0257204697,"29":0.0240863338,"30":0.0216627419,"31":0.0272501539,"32":0.0247827787,"33":0.0258100089,"34":0.0238938686,"35":0.0229876339,"36":0.0246987101,"37":0.0231940858,"38":0.022247538,"39":0.0215654112,"40":0.0243720766,"41":0.0227996353,"42":0.0219535287,"43":0.0221271012,"44":0.0235340763,"45":0.0218891911,"46":0.0229433794,"47":0.0235701464,"48":0.0202467944,"49":0.0218326692,"50":0.0223842859,"51":0.0210209023,"52":0.0220624618,"53":0.0199835729,"54":0.022582911,"55":0.019782871,"56":0.0200640261,"57":0.0203475561,"58":0.021687232,"59":0.0208527632,"60":0.0209742263,"61":0.0217138994,"62":0.0203326941,"63":0.0209896322,"64":0.0194552857,"65":0.0225816052,"66":0.0203091931,"67":0.0218387526,"68":0.0228687003,"69":0.0194402356,"70":0.022099467,"71":0.020610828,"72":0.0207987949,"73":0.0224690065,"74":0.0186133459,"75":0.0217092559,"76":0.0175066087,"77":0.0194647517,"78":0.0238572247,"79":0.0188912116,"80":0.0207710695,"81":0.0184588712,"82":0.0217998568,"83":0.0181385782,"84":0.0203463919,"85":0.0197408348,"86":0.0197576676,"87":0.0211725011,"88":0.0201565027,"89":0.0206558127,"90":0.0196813438,"91":0.021099709,"92":0.0197131746,"93":0.0212721098,"94":0.0180630982,"95":0.0191419814,"96":0.0228155013,"97":0.0224111937,"98":0.0164253544,"99":0.0205963496},"accuracy":{"0":0.9272500277,"1":0.9593333602,"2":0.9677333236,"3":0.9730666876,"4":0.9773833156,"5":0.9800500274,"6":0.9803666472,"7":0.9835166931,"8":0.9840833545,"9":0.9851666689,"10":0.9865166545,"11":0.986899972,"12":0.9883333445,"13":0.9886833429,"14":0.9882500172,"15":0.9887333512,"16":0.9905333519,"17":0.9897166491,"18":0.9901999831,"19":0.9904999733,"20":0.990316689,"21":0.991116643,"22":0.991533339,"23":0.9915500283,"24":0.991533339,"25":0.9917833209,"26":0.9914666414,"27":0.99150002,"28":0.9921500087,"29":0.9920666814,"30":0.9930499792,"31":0.9917166829,"32":0.9925500154,"33":0.992233336,"34":0.9929333329,"35":0.9929833412,"36":0.9929333329,"37":0.9927333593,"38":0.9932666421,"39":0.9936166406,"40":0.9933999777,"41":0.9931666851,"42":0.9932333231,"43":0.9933666587,"44":0.9931666851,"45":0.9931333065,"46":0.9930999875,"47":0.9935333133,"48":0.9940666556,"49":0.9934666753,"50":0.9937000275,"51":0.993966639,"52":0.9935500026,"53":0.9944166541,"54":0.9933999777,"55":0.9946500063,"56":0.9943833351,"57":0.9940833449,"58":0.993966639,"59":0.9947666526,"60":0.9944833517,"61":0.9938666821,"62":0.9945833087,"63":0.9943000078,"64":0.9946500063,"65":0.9941833615,"66":0.9948499799,"67":0.9943500161,"68":0.9938666821,"69":0.9947999716,"70":0.9947000146,"71":0.9946666956,"72":0.9943666458,"73":0.9943833351,"74":0.9950166941,"75":0.9944166541,"76":0.9953833222,"77":0.9947666526,"78":0.9943666458,"79":0.9951500297,"80":0.9952833056,"81":0.9951500297,"82":0.9947166443,"83":0.9953833222,"84":0.9950166941,"85":0.9952166677,"86":0.9947500229,"87":0.9944166541,"88":0.9950500131,"89":0.9949666858,"90":0.9953500032,"91":0.9948499799,"92":0.9947999716,"93":0.9952499866,"94":0.9957000017,"95":0.995233357,"96":0.9949833155,"97":0.9950166941,"98":0.9960666895,"99":0.9952666759}}