{"loss":{"0":0.2460468113,"1":0.1336124986,"2":0.1036715582,"3":0.0884153321,"4":0.0754419342,"5":0.0653302744,"6":0.0606362633,"7":0.052510228,"8":0.0503134355,"9":0.0438771658},"accuracy":{"0":0.9253000021,"1":0.9597499967,"2":0.9674833417,"3":0.9721666574,"4":0.9756000042,"5":0.9781333208,"6":0.9805166721,"7":0.9826666713,"8":0.983099997,"9":0.9859833121}}