{"loss":{"0":0.0857395008,"1":0.0585529245,"2":0.0458112657,"3":0.0358197056,"4":0.0297377985,"5":0.0249790847,"6":0.02283982,"7":0.019477183,"8":0.0187702384,"9":0.0166813936},"accuracy":{"0":0.9739500284,"1":0.9815333486,"2":0.9853166938,"3":0.9878666401,"4":0.9907166958,"5":0.9913333058,"6":0.9919833541,"7":0.9935166836,"8":0.9934999943,"9":0.9944499731}}